cve,category,scores,cwes
CVE-2021-43861,xss,7.2,"CWE-79, CWE-20"
CVE-2023-25345,directory traversal,,
CVE-2023-45133,arbitrary code execution,9.4,CWE-184
CVE-2021-23472,xss,3.1,
CVE-2023-2968,denial of service,7.5,CWE-232
CVE-2025-24010,UNKNOWN,6.5,"CWE-346, CWE-350, CWE-1385"
CVE-2022-33987,UNKNOWN,,
CVE-2022-0235,UNKNOWN,8.8,CWE-200
CVE-2021-43803,rce,7.5,CWE-20
CVE-2022-2218,xss,9.1,CWE-79
CVE-2025-58754,dos,7.5,CWE-770
CVE-2019-17426,access control,,
CVE-2023-22491,rce,8.1,"CWE-89, CWE-20"
CVE-2023-30547,sanitization,9.8,CWE-74
CVE-2024-42461,UNKNOWN,,
CVE-2022-25869,xss,4.2,CWE-79
CVE-2020-7773,xss,6.5,
CVE-2020-8158,sql injection,,CWE-471
CVE-2021-22963,UNKNOWN,,CWE-601
CVE-2024-24750,UNKNOWN,6.5,CWE-400
CVE-2022-25927,dos,5.3,CWE-1333
CVE-2021-4264,prototype pollution,"6.3, 6.3",CWE-1321
CVE-2024-47885,xss,5.9,CWE-79
CVE-2025-53892,xss,5.3,CWE-79
CVE-2024-46993,rce,4.4,CWE-122
CVE-2025-30359,prototype pollution,5.3,CWE-749
CVE-2025-49826,rce,7.5,CWE-444
CVE-2020-15215,UNKNOWN,5.6,"CWE-693, CWE-668"
CVE-2019-14863,UNKNOWN,7.1,CWE-79
CVE-2019-14517,xss,,
CVE-2020-13110,arbitrary code execution,,
CVE-2022-24794,open redirect,7.5,CWE-601
CVE-2025-59414,rce,3.1,CWE-22
CVE-2024-24758,UNKNOWN,3.9,CWE-200
CVE-2024-38999,prototype pollution,,
CVE-2025-27109,cross-site scripting,7.3,"CWE-116, CWE-79"
CVE-2024-23684,denial of service,,CWE-407
CVE-2022-23494,xss,5.4,CWE-79
CVE-2021-41182,xss,6.5,CWE-79
CVE-2023-42810,command injection,9.8,CWE-77
CVE-2017-1000042,UNKNOWN,,
CVE-2025-49223,prototype pollution,,CWE-1321
CVE-2022-21718,UNKNOWN,3.4,CWE-668
CVE-2024-23331,UNKNOWN,7.5,"CWE-178, CWE-200, CWE-284"
CVE-2022-24773,UNKNOWN,5.3,CWE-347
CVE-2022-0536,UNKNOWN,2.6,CWE-212
CVE-2017-0888,UNKNOWN,,CWE-451
CVE-2024-42459,UNKNOWN,,
CVE-2022-37601,prototype pollution,,
CVE-2022-24304,UNKNOWN,,
CVE-2017-16114,denial of service,,CWE-400
CVE-2025-57822,ssrf,6.5,CWE-918
CVE-2024-21538,dos,"7.5, 8.7",CWE-1333
CVE-2023-1001,cross site scripting,"5.3, 3.5, 3.5, 4",CWE-79
CVE-2016-20018,sql injection,,
CVE-2022-1365,UNKNOWN,8.8,CWE-359
CVE-2020-7774,prototype pollution,7.3,
CVE-2021-32696,xss,3.7,"CWE-241, CWE-79"
CVE-2017-16137,denial of service,,CWE-400
CVE-2025-58460,UNKNOWN,,
CVE-2022-24771,UNKNOWN,7.5,CWE-347
CVE-2020-4077,UNKNOWN,7.7,CWE-501
CVE-2020-8124,insufficient validation,,CWE-20
CVE-2023-7080,ssrf,8.5,CWE-269
CVE-2018-14041,xss,,
CVE-2023-26118,dos,5.3,CWE-1333
CVE-2025-27793,cross-site scripting,5.3,"CWE-87, CWE-79"
CVE-2023-29641,xss,,
CVE-2024-21490,denial of service,7.5,CWE-1333
CVE-2021-3794,UNKNOWN,7.5,CWE-1333
CVE-2023-26115,dos,5.3,CWE-1333
CVE-2024-43805,UNKNOWN,7.6,CWE-79
CVE-2023-26117,rce,5.3,CWE-1333
CVE-2021-29489,xss,7.6,CWE-79
CVE-2023-47108,rce,7.5,CWE-770
CVE-2024-34344,rce,8.8,CWE-94
CVE-2020-36649,dos,"3.5, 3.5, 2.3",CWE-1333
CVE-2023-45818,xss,6.1,CWE-79
CVE-2020-7679,prototype pollution,7.3,
CVE-2025-26791,xss,4.5,CWE-79
CVE-2022-0722,UNKNOWN,4.8,CWE-200
CVE-2022-0144,UNKNOWN,7.1,CWE-269
CVE-2020-28478,prototype pollution,7.5,
CVE-2022-4135,buffer overflow,,
CVE-2025-22150,UNKNOWN,6.8,CWE-330
CVE-2023-49803,prototype,8.6,CWE-346
CVE-2024-6531,UNKNOWN,,
CVE-2019-20922,rce,,
CVE-2019-10757,sql injection,,
CVE-2024-28849,rce,6.5,CWE-200
CVE-2022-26260,prototype pollution,,
CVE-2025-5889,dos,"2.3, 3.1, 3.1, 2.1","CWE-1333, CWE-400"
CVE-2023-29017,remote code execution,10,CWE-913
CVE-2025-9308,dos,"4.8, 3.3, 3.3, 1.7","CWE-1333, CWE-400"
CVE-2023-4316,denial of service,7.5,CWE-1333
CVE-2020-36650,command injection,"5.5, 5.5, 5.2",CWE-77
CVE-2023-22467,dos,7.5,CWE-1333
CVE-2022-1537,race condition,7.8,CWE-367
CVE-2020-8178,command injection,,CWE-78
CVE-2021-23632,rce,6.6,
CVE-2022-37266,prototype pollution,,
CVE-2025-5891,dos,"5.3, 4.3, 4.3, 4","CWE-1333, CWE-400"
CVE-2023-28154,UNKNOWN,,
CVE-2020-7640,sanitization,,
CVE-2020-7598,prototype,,
CVE-2022-22912,prototype pollution,,
CVE-2025-27611,UNKNOWN,8.7,CWE-1007
CVE-2021-23398,xss,6.1,
CVE-2024-28103,UNKNOWN,5.4,CWE-20
CVE-2021-44906,prototype pollution,,
CVE-2024-55565,UNKNOWN,,
CVE-2018-8097,UNKNOWN,,
CVE-2022-23539,UNKNOWN,5.9,CWE-327
CVE-2017-18589,UNKNOWN,,
CVE-2025-43855,dos,8.7,CWE-248
CVE-2025-54590,ssrf,6.9,CWE-918
CVE-2025-5101,malicious code,5,CWE-94
,,,
CVE-2023-32313,UNKNOWN,5.3,CWE-74
CVE-2020-28168,ssrf,,
CVE-2018-6184,directory traversal,,
CVE-2017-16119,denial of service,,CWE-400
CVE-2023-34104,rce,7.5,"CWE-400, CWE-1333"
CVE-2022-21680,rce,7.5,"CWE-400, CWE-1333"
CVE-2024-21548,prototype pollution,"7.5, 7.7",CWE-1321
CVE-2022-24999,__proto__,,
CVE-2018-16486,prototype pollution,,CWE-400
CVE-2020-7746,prototype pollution,7.5,
CVE-2022-35915,UNKNOWN,5.3,CWE-400
CVE-2023-48219,xss,6.1,CWE-79
CVE-2018-3717,xss,,CWE-79
CVE-2025-32030,rce,7.5,CWE-770
CVE-2020-7720,prototype pollution,9.8,
CVE-2021-23395,prototype pollution,7.3,
CVE-2025-29189,sql injection,,
CVE-2025-29744,sql injection,,
CVE-2018-6342,csrf,,CWE-78
CVE-2019-9737,xss,,
CVE-2022-25844,dos,5.3,
CVE-2018-3718,UNKNOWN,,CWE-177
CVE-2019-5415,UNKNOWN,,CWE-548
CVE-2022-21211,dos,5.9,
CVE-2019-17592,denial of service,,
CVE-2022-30617,UNKNOWN,,CWE-212
CVE-2022-25863,sanitization,8.1,
CVE-2020-7760,dos,5.3,
CVE-2018-18399,sql injection,,
CVE-2018-16487,prototype pollution,,CWE-400
CVE-2023-44487,rce,,
CVE-2021-23566,UNKNOWN,4,
CVE-2021-23397,prototype pollution,5.6,
CVE-2025-0716,rce,4.8,CWE-791
CVE-2015-8857,UNKNOWN,,
CVE-2023-26108,UNKNOWN,3.7,CWE-200
CVE-2021-30483,directory traversal,,
CVE-2024-11023,session hijacking,5.2,CWE-79
CVE-2017-16138,denial of service,,CWE-400
CVE-2025-4123,ssrf,7.6,"CWE-79, CWE-601"
CVE-2023-30542,UNKNOWN,6.8,CWE-20
CVE-2023-49293,cross-site scripting,6.1,CWE-79
CVE-2022-23647,cross-site scripting,7.5,CWE-79
CVE-2024-4068,crash,7.5,CWE-1050
CVE-2021-41246,session fixation,4.6,CWE-384
CVE-2024-45047,xss,5.4,CWE-79
CVE-2024-28176,rce,4.9,CWE-400
CVE-2022-27261,arbitrary file write,,
CVE-2021-21315,command injection,7.1,CWE-78
CVE-2021-23337,command injection,7.2,
CVE-2024-30261,UNKNOWN,2.6,CWE-284
CVE-2019-10768,prototype,,
CVE-2020-27217,UNKNOWN,,CWE-1284
CVE-2022-24723,improper input validation,5.3,CWE-20
CVE-2023-5554,UNKNOWN,4.8,
CVE-2023-50475,UNKNOWN,,
CVE-2024-1899,denial of service,5.3,
CVE-2025-57350,prototype pollution,,
CVE-2022-23646,UNKNOWN,5.9,CWE-451
CVE-2020-15256,prototype pollution,7.7,"CWE-471, CWE-20"
CVE-2019-16777,UNKNOWN,7.7,CWE-22
CVE-2021-39184,UNKNOWN,6.8,CWE-668
CVE-2018-1000006,command execution,,
CVE-2016-10547,xss,,CWE-79
CVE-2023-25344,prototype,,
CVE-2024-4067,dos,5.3,CWE-1333
CVE-2022-21704,UNKNOWN,5.5,CWE-276
CVE-2021-37713,arbitrary code execution,8.2,CWE-22
CVE-2025-54793,rce,5.5,CWE-601
CVE-2024-22363,dos,,
CVE-2024-47831,rce,5.9,CWE-674
CVE-2024-57083,prototype pollution,,
CVE-2017-3160,mitm,,
CVE-2025-10061,denial of service,6.5,CWE-20
CVE-2025-58752,UNKNOWN,2.3,"CWE-23, CWE-200, CWE-284"
CVE-2015-8315,dos,,
CVE-2021-41120,UNKNOWN,7.5,CWE-200
CVE-2024-52798,dos,7.7,CWE-1333
CVE-2020-15125,UNKNOWN,7.7,CWE-209
CVE-2022-0654,UNKNOWN,8.1,CWE-200
CVE-2022-3517,dos,,CWE-400
CVE-2017-16026,UNKNOWN,,CWE-201
CVE-2025-0725,buffer overflow,,
CVE-2023-32695,insufficient validation,7.3,CWE-20
CVE-2024-29881,xss,4.3,CWE-79
CVE-2020-7712,command injection,7.2,
CVE-2023-39663,dos,,
CVE-2025-46565,UNKNOWN,6,CWE-22
CVE-2024-40631,xss,8.1,CWE-79
CVE-2020-15228,UNKNOWN,3.5,CWE-20
CVE-2014-3744,directory traversal,,
CVE-2021-43571,UNKNOWN,,
CVE-2021-33040,xss,,
CVE-2022-2900,ssrf,9.1,CWE-918
CVE-2022-39299,UNKNOWN,7.4,CWE-347
CVE-2020-7688,command injection,8.4,
CVE-2025-32395,UNKNOWN,6,CWE-200
CVE-2017-1000189,rfi,,
CVE-2024-21536,dos,7.5,CWE-400
CVE-2021-41580,oauth,,
CVE-2018-19056,xss,,
CVE-2018-14040,xss,,
CVE-2022-40764,command execution,,
CVE-2023-25576,dos,7.5,CWE-770
CVE-2024-53866,arbitrary code execution,5.8,CWE-426
CVE-2025-23207,UNKNOWN,6.3,CWE-116
CVE-2020-7691,xss,6.3,
CVE-2022-39353,UNKNOWN,9.4,"CWE-20, CWE-1288"
CVE-2020-7710,UNKNOWN,8.1,
CVE-2021-32820,UNKNOWN,,CWE-200
CVE-2024-51757,UNKNOWN,9.3,"CWE-94, CWE-79"
CVE-2020-28499,prototype pollution,7.3,
CVE-2024-47875,xss,10,CWE-79
CVE-2025-5062,cross-site scripting,6.1,CWE-79
CVE-2018-16330,xss,,
CVE-2025-54070,UNKNOWN,6.9,CWE-125
CVE-2022-37259,dos,,
CVE-2024-52810,prototype pollution,6.9,CWE-1321
CVE-2023-46233,UNKNOWN,9.1,"CWE-328, CWE-916"
CVE-2020-5263,information disclosure,5.5,CWE-522
CVE-2020-15084,rce,7.7,CWE-285
CVE-2023-3696,prototype pollution,10,CWE-1321
CVE-2021-23369,rce,5.6,
CVE-2021-21366,UNKNOWN,4.3,"CWE-436, CWE-115"
CVE-2021-23362,dos,5.3,
CVE-2017-16118,denial of service,,CWE-400
CVE-2023-37903,rce,9.8,CWE-78
CVE-2019-5484,path traversal,,CWE-22
CVE-2024-8372,rce,4.8,CWE-1289
CVE-2022-37260,dos,,
CVE-2022-41714,__proto__,,
CVE-2023-44402,rce,6.1,CWE-345
CVE-2025-57814,ssrf,5.5,CWE-918
CVE-2017-16129,dos,,CWE-409
CVE-2022-37611,prototype pollution,,
CVE-2024-56140,csrf,5.9,CWE-352
CVE-2025-54880,xss,5.1,CWE-79
CVE-2022-26183,UNKNOWN,,
CVE-2024-24828,privilege escalation,6.6,CWE-276
CVE-2022-25646,xss,5.4,
CVE-2022-25878,prototype pollution,8.2,
CVE-2024-8207,UNKNOWN,6.4,CWE-114
CVE-2020-26245,command injection,8.1,"CWE-78, CWE-471"
CVE-2024-48948,UNKNOWN,,
CVE-2020-8116,prototype pollution,,CWE-471
CVE-2021-39178,xss,7.5,CWE-79
CVE-2022-25887,dos,5.3,
CVE-2023-29827,template injection,,
CVE-2023-42282,ssrf,,
CVE-2020-8141,prototype,,CWE-94
CVE-2024-21522,crash,7.5,CWE-129
CVE-2023-26920,prototype pollution,,
CVE-2025-56648,rce,,
CVE-2025-25283,denial of service,7.5,CWE-1333
CVE-2024-34391,rce,8.1,CWE-843
CVE-2023-34092,UNKNOWN,7.5,"CWE-50, CWE-200"
CVE-2024-21532,command injection,7.3,CWE-78
CVE-2025-32442,UNKNOWN,7.5,CWE-1287
CVE-2025-48387,UNKNOWN,8.7,CWE-22
CVE-2023-26116,dos,5.3,CWE-1333
CVE-2024-36361,UNKNOWN,,
CVE-2025-7338,dos,7.5,CWE-248
CVE-2021-21353,remote code execution,6.8,CWE-74
CVE-2023-34234,UNKNOWN,5.3,CWE-862
CVE-2013-7370,xss,,
CVE-2020-19660,xss,,
CVE-2022-29257,malicious code,6.6,CWE-20
CVE-2023-26486,cross site scripting,6.5,CWE-79
CVE-2019-16769,xss,4.2,CWE-79
CVE-2024-43368,xss,6.5,CWE-79
CVE-2020-26272,UNKNOWN,5.4,CWE-668
CVE-2025-9288,improper input validation,9.1,CWE-20
CVE-2024-7042,sql injection,4.9,CWE-89
CVE-2021-27524,xss,,
CVE-2020-7752,command injection,8.8,
CVE-2019-16776,arbitrary file write,7.7,CWE-22
CVE-2018-1000118,command injection,,
CVE-2019-5786,UNKNOWN,,
CVE-2018-3721,prototype,,CWE-471
CVE-2021-39134,UNKNOWN,8.2,CWE-61
CVE-2024-10491,rce,4,CWE-74
CVE-2016-10539,denial of service,,CWE-400
CVE-2022-21802,xss,5.4,
CVE-2022-37616,prototype pollution,,
CVE-2021-4435,UNKNOWN,7.7,CWE-426
CVE-2022-36078,rce,8.8,CWE-789
CVE-2021-23368,rce,5.3,
CVE-2022-36313,dos,,
CVE-2025-27789,UNKNOWN,6.2,CWE-1333
CVE-2017-18214,denial of service,,
CVE-2024-43787,csrf,5,CWE-352
CVE-2020-28496,dos,7.5,
CVE-2024-34392,rce,8.1,CWE-843
CVE-2020-7788,prototype pollution,7.3,
CVE-2023-26158,prototype pollution,8.2,CWE-1321
CVE-2024-4367,javascript execution,,
CVE-2021-41183,xss,6.5,CWE-79
CVE-2023-32732,denial-of-service,5.3,CWE-440
CVE-2020-1481,rce,,
CVE-2021-32012,denial of service,,
CVE-2023-46298,denial of service,,
CVE-2023-36665,prototype pollution,,
CVE-2022-41919,csrf,4.2,CWE-352
CVE-2020-7661,denial of service,,
CVE-2025-55207,open redirect,5.5,CWE-601
CVE-2019-15598,remote code execution,,CWE-94
CVE-2022-37620,dos,,
CVE-2021-46440,UNKNOWN,,
CVE-2025-26619,xss,5.3,CWE-79
CVE-2024-53262,UNKNOWN,2,CWE-79
CVE-2021-3757,prototype pollution,7.5,CWE-1321
CVE-2022-25912,rce,8.1,
CVE-2023-48309,rce,5.3,"CWE-285, CWE-863"
CVE-2024-53900,UNKNOWN,,
CVE-2022-48285,directory traversal,,
CVE-2020-19697,cross site scripting,,
CVE-2018-1002204,directory traversal,,CWE-22
CVE-2022-21721,rce,5.9,
CVE-2019-0542,remote code execution,,
CVE-2020-7660,UNKNOWN,,
CVE-2019-14939,UNKNOWN,,
CVE-2022-3171,denial of service,4.3,CWE-20
CVE-2022-0155,UNKNOWN,8,CWE-359
CVE-2025-58751,UNKNOWN,2.3,"CWE-22, CWE-200, CWE-284"
CVE-2025-9910,xss,"4.7, 2.3",CWE-79
CVE-2020-7608,prototype,,
CVE-2022-46175,cross-site scripting,7.1,CWE-1321
CVE-2020-19698,cross site scripting,,
CVE-2015-4411,rce,,
CVE-2023-33955,UNKNOWN,4.3,CWE-200
CVE-2022-29623,UNKNOWN,,
CVE-2025-29927,UNKNOWN,9.1,CWE-285
CVE-2022-25896,session fixation,4.8,
CVE-2024-0406,path traversal,6.1,CWE-22
CVE-2024-21533,UNKNOWN,6.5,CWE-88
CVE-2021-3807,UNKNOWN,7.5,CWE-1333
CVE-2022-25940,dos,7.5,
CVE-2024-21501,UNKNOWN,5.3,CWE-200
CVE-2024-38355,rce,7.3,"CWE-20, CWE-754"
CVE-2024-57080,prototype pollution,,
CVE-2019-10062,xss,,
CVE-2025-1647,xss,5.6,CWE-79
CVE-2021-27516,UNKNOWN,,
CVE-2025-29907,dos,8.7,"CWE-400, CWE-770"
CVE-2023-24807,dos,7.5,CWE-20
CVE-2021-23807,prototype pollution,5.6,
CVE-2022-37614,prototype pollution,,
CVE-2018-14042,xss,,
CVE-2022-3145,open redirect,,
CVE-2021-21388,command injection,8.9,"CWE-20, CWE-78"
CVE-2022-25900,command injection,8.1,
CVE-2023-33252,UNKNOWN,,
CVE-2021-27515,UNKNOWN,,
CVE-2018-7408,UNKNOWN,,
CVE-2025-54419,UNKNOWN,10,"CWE-287, CWE-347"
CVE-2022-2216,ssrf,9.4,CWE-918
CVE-2023-37944,UNKNOWN,,
CVE-2023-26159,improper input validation,7.3,CWE-20
CVE-2021-23383,prototype pollution,5.6,
CVE-2018-20801,dos,,
CVE-2025-24033,rce,7.5,CWE-770
CVE-2023-26102,prototype pollution,7.5,CWE-1321
CVE-2017-16136,denial of service,,CWE-400
CVE-2024-34341,arbitrary code execution,5.4,CWE-79
CVE-2021-39168,UNKNOWN,10,CWE-269
CVE-2020-7755,dos,7.5,
CVE-2022-37257,prototype pollution,,
CVE-2018-16492,prototype pollution,,CWE-400
CVE-2015-8854,dos,,
CVE-2025-23206,rce,1.8,CWE-347
CVE-2025-7783,UNKNOWN,9.4,CWE-330
CVE-2019-10744,prototype pollution,,
CVE-2019-11004,xss,,
CVE-2023-45143,open redirect,3.9,CWE-200
CVE-2017-16082,remote code execution,,CWE-94
CVE-2020-7645,arbitrary commands,,
CVE-2018-3774,ssrf,,CWE-425
CVE-2025-4056,denial of service,3.7,CWE-94
CVE-2024-21908,cross-site scripting,,CWE-79
CVE-2025-58444,xss,8.6,CWE-84
CVE-2021-23326,command injection,6.3,
CVE-2017-1000427,xss,,
CVE-2020-4076,UNKNOWN,7.8,CWE-501
CVE-2022-37264,prototype pollution,,
CVE-2017-20162,rce,"4.3, 4.3, 3.5",CWE-1333
CVE-2022-25904,prototype pollution,7.5,
CVE-2019-5413,arbitrary commands,,CWE-94
CVE-2023-30541,UNKNOWN,5.3,CWE-436
CVE-2021-27815,dos,,
CVE-2025-27415,rce,7.5,CWE-349
CVE-2021-23382,rce,5.3,
CVE-2020-28471,prototype pollution,7.3,
CVE-2021-3377,xss,,
CVE-2024-46982,rce,7.5,CWE-639
CVE-2025-49005,rce,3.7,CWE-444
CVE-2019-10752,sql injection,,
CVE-2016-4055,dos,,
CVE-2021-43307,dos,5.9,CWE-1333
CVE-2025-31486,UNKNOWN,5.3,"CWE-200, CWE-284"
CVE-2022-24373,dos,5.3,
CVE-2022-1650,rce,8.1,CWE-212
CVE-2025-54881,xss,5.3,CWE-79
CVE-2021-32723,dos,7.4,CWE-400
CVE-2015-9251,xss,,
CVE-2017-16098,dos,,CWE-400
CVE-2019-11002,xss,,
CVE-2025-57810,dos,8.7,"CWE-20, CWE-770"
CVE-2020-28459,xss,7.3,
CVE-2022-25873,xss,4.6,
CVE-2024-38357,xss,6.1,CWE-79
CVE-2015-8858,dos,,
CVE-2020-15096,UNKNOWN,6.8,CWE-501
CVE-2019-16775,arbitrary file write,7.7,CWE-61
CVE-2024-56334,command injection,7.8,CWE-94
CVE-2021-23820,prototype pollution,5.6,
CVE-2021-23413,prototype,5.3,
CVE-2022-0512,UNKNOWN,8.8,CWE-639
CVE-2024-56332,rce,5.3,CWE-770
CVE-2020-11887,ssrf,,
CVE-2018-20436,ssrf,,
CVE-2017-1001003,UNKNOWN,,CWE-88
CVE-2023-50728,denial of service,5.4,CWE-755
CVE-2021-23371,dos,7.5,
CVE-2022-24772,UNKNOWN,7.5,CWE-347
CVE-2025-46328,race condition,3.3,CWE-367
CVE-2022-23541,UNKNOWN,5,"CWE-287, CWE-1259"
CVE-2022-25883,dos,5.3,CWE-1333
CVE-2024-29203,xss,4.3,CWE-79
CVE-2019-5417,path traversal,,
CVE-2025-32379,xss,5,CWE-79
CVE-2022-24785,path traversal,7.5,"CWE-22, CWE-27"
CVE-2022-24066,command injection,8.1,
CVE-2024-30253,denial of service,7.5,CWE-119
CVE-2024-9506,dos,3.7,CWE-1333
CVE-2024-12905,path traversal,7.5,"CWE-59, CWE-22"
CVE-2024-21910,cross-site scripting,,CWE-79
CVE-2024-6485,xss,6.4,CWE-79
CVE-2025-47944,dos,7.5,CWE-248
CVE-2023-34459,UNKNOWN,5.3,CWE-354
CVE-2025-57665,xss,,
CVE-2025-25977,UNKNOWN,,
CVE-2023-45819,xss,6.1,CWE-79
CVE-2024-6783,xss,4.8,CWE-79
CVE-2020-24025,UNKNOWN,,
CVE-2019-1010266,rce,,CWE-400
CVE-2022-32210,mitm,,CWE-295
CVE-2022-36077,UNKNOWN,7.2,"CWE-522, CWE-200"
CVE-2022-1243,xss,7.2,CWE-20
CVE-2022-37262,rce,,
CVE-2021-3803,UNKNOWN,7.5,CWE-1333
CVE-2015-1164,open redirect,,
CVE-2020-15168,dos,2.6,"CWE-20, CWE-770"
CVE-2022-31129,dos,7.5,CWE-400
CVE-2021-32640,rce,5.3,CWE-400
CVE-2021-3647,open redirect,5.3,CWE-601
CVE-2015-8862,xss,,
CVE-2025-7339,UNKNOWN,3.4,CWE-241
CVE-2021-39227,prototype pollution,6.2,CWE-1321
CVE-2020-36632,prototype pollution,"6.3, 6.3",CWE-1321
CVE-2020-28481,UNKNOWN,5.3,
CVE-2021-3805,prototype pollution,7.5,CWE-1321
CVE-2019-10742,denial of service,,
CVE-2021-3801,UNKNOWN,7.5,CWE-1333
CVE-2022-39210,UNKNOWN,3.2,"CWE-22, CWE-200"
CVE-2024-39338,ssrf,,
CVE-2024-34343,xss,6.3,CWE-79
CVE-2024-42460,UNKNOWN,,
CVE-2024-32652,denial of service,7.5,CWE-755
CVE-2024-47829,UNKNOWN,6.5,CWE-328
CVE-2020-26296,xss,8.7,CWE-79
CVE-2023-26156,command injection,5.6,CWE-78
CVE-2019-10773,UNKNOWN,,
CVE-2022-35954,UNKNOWN,5,CWE-77
CVE-2024-52809,cross-site scripting,5.3,CWE-79
CVE-2025-8129,open redirect,"5.1, 3.5, 3.5, 4",CWE-601
CVE-2021-23370,prototype pollution,7.5,
CVE-2022-25948,prototype,5.3,
CVE-2025-32031,rce,7.5,CWE-770
CVE-2022-37265,prototype pollution,,
CVE-2021-3749,UNKNOWN,7.5,CWE-1333
CVE-2021-27292,denial of service,,
CVE-2022-37603,dos,,
CVE-2020-11023,xss,6.9,CWE-79
CVE-2024-27088,denial of service,0,"CWE-400, CWE-1333"
CVE-2024-29041,open redirect,6.1,"CWE-601, CWE-1286"
CVE-2025-23061,UNKNOWN,9,CWE-94
CVE-2020-7789,command injection,5.6,
CVE-2023-23936,crlf injection,6.5,CWE-93
CVE-2020-26237,prototype pollution,5.8,CWE-471
CVE-2022-1291,xss,7.6,CWE-79
CVE-2022-25860,rce,8.1,CWE-94
CVE-2022-1726,xss,6.8,CWE-79
CVE-2022-27140,UNKNOWN,,
CVE-2022-2596,UNKNOWN,5.9,CWE-1333
CVE-2021-46320,UNKNOWN,,
CVE-2020-7793,dos,7.5,
CVE-2024-39693,dos,7.5,CWE-400
CVE-2022-29256,UNKNOWN,6.5,CWE-77
CVE-2020-7637,prototype pollution,,
CVE-2020-28498,UNKNOWN,6.8,
CVE-2022-0437,xss,5.4,CWE-79
CVE-2021-28128,UNKNOWN,,
CVE-2020-5284,directory traversal,4.4,CWE-23
CVE-2021-32013,denial of service,,
CVE-2020-7769,command injection,8.6,
CVE-2022-24709,cross site scripting,8.8,CWE-79
CVE-2024-48949,UNKNOWN,,
CVE-2023-28155,ssrf,,
CVE-2019-8331,xss,,
CVE-2021-27290,denial of service,,
CVE-2023-40014,UNKNOWN,5.3,CWE-116
CVE-2024-27094,UNKNOWN,6.5,CWE-125
CVE-2020-15123,command injection,9.3,CWE-78
CVE-2022-39384,UNKNOWN,5.6,CWE-665
CVE-2021-41184,xss,6.5,CWE-79
CVE-2023-45857,xsrf,,
CVE-2025-53099,race condition,5.5,CWE-288
CVE-2025-57753,UNKNOWN,6,CWE-22
CVE-2022-23395,xss,,
CVE-2022-38778,crash,,CWE-20
CVE-2023-5561,UNKNOWN,,
CVE-2024-53847,xss,5.1,CWE-79
CVE-2021-35513,xss,,
CVE-2022-31198,rce,7.5,CWE-682
CVE-2021-23424,dos,7.5,
CVE-2020-7733,dos,7.5,
CVE-2018-19057,xss,,
CVE-2025-47279,rce,3.1,CWE-401
CVE-2023-26111,directory traversal,7.5,CWE-22
CVE-2022-37602,prototype pollution,,
CVE-2021-23400,http header injection,6.3,
CVE-2025-59139,dos,5.3,"CWE-400, CWE-770"
CVE-2023-22578,sql injection,10,CWE-790
CVE-2024-0647,cross site scripting,"4.3, 4.3, 5",CWE-79
CVE-2025-30360,rce,6.5,CWE-346
CVE-2015-8855,dos,,
CVE-2021-32796,rce,6.5,CWE-116
CVE-2020-7709,prototype pollution,6,
CVE-2021-37701,arbitrary code execution,8.2,"CWE-22, CWE-59"
CVE-2024-48930,UNKNOWN,8.7,CWE-354
CVE-2018-14732,UNKNOWN,,
CVE-2025-48068,rce,2.3,CWE-1385
CVE-2016-10540,dos,,CWE-400
CVE-2022-0691,UNKNOWN,6.5,CWE-639
CVE-2017-20165,dos,"3.5, 3.5, 2.7",CWE-1333
CVE-2021-23364,dos,5.3,
CVE-2022-1233,UNKNOWN,6.5,CWE-115
CVE-2024-7246,UNKNOWN,6.3,CWE-440
CVE-2022-0776,xss,5.3,CWE-79
CVE-2022-0764,command injection,6.1,CWE-78
CVE-2022-2217,xss,9.1,CWE-79
CVE-2024-35255,UNKNOWN,5.5,CWE-362
CVE-2024-35771,csrf,4.3,CWE-352
CVE-2023-33976,rce,7.5,CWE-190
CVE-2025-2336,rce,4.8,CWE-791
CVE-2022-0613,UNKNOWN,5.3,CWE-639
CVE-2023-29008,csrf,8.8,CWE-918
CVE-2019-14862,UNKNOWN,6.1,CWE-79
CVE-2018-3712,path traversal,,CWE-22
CVE-2022-25854,xss,5.4,
CVE-2023-25653,dos,7.5,CWE-835
CVE-2023-7078,ssrf,7.5,CWE-918
CVE-2024-11831,xss,5.4,CWE-79
CVE-2022-25858,dos,5.3,
CVE-2022-25875,xss,5.4,
CVE-2025-43864,rce,7.5,CWE-755
CVE-2019-2391,UNKNOWN,4.2,CWE-502
CVE-2023-34238,rce,4.3,CWE-22
CVE-2021-42357,xss,,CWE-79
CVE-2025-25289,rce,5.3,CWE-1333
CVE-2015-1370,xss,,
CVE-2025-25304,cross-site scripting,6.9,CWE-79
CVE-2025-59526,UNKNOWN,2.7,CWE-79
CVE-2021-23358,UNKNOWN,3.3,
CVE-2022-46161,rce,10,CWE-94
CVE-2022-25345,dos,7.5,
CVE-2025-8022,UNKNOWN,,
CVE-2025-57285,command injection,,
CVE-2024-45812,xss,6.4,CWE-79
CVE-2021-24033,command injection,,CWE-78
CVE-2022-29247,rce,2.2,CWE-668
CVE-2022-37258,prototype pollution,,
CVE-2025-58362,UNKNOWN,7.5,CWE-706
CVE-2020-11022,xss,6.9,CWE-79
CVE-2025-48367,rce,7.5,CWE-770
CVE-2025-27597,prototype pollution,8.9,CWE-1321
CVE-2021-34083,rce,,
CVE-2020-8910,UNKNOWN,6.5,CWE-625
CVE-2020-7743,prototype pollution,7.3,
CVE-2021-29438,xss,4.6,"CWE-79, CWE-80"
CVE-2021-3766,prototype pollution,7.5,CWE-1321
CVE-2023-25813,sql injection,10,CWE-89
CVE-2024-28245,UNKNOWN,6.3,CWE-116
CVE-2022-39288,denial of service,7.5,CWE-754
CVE-2025-25975,UNKNOWN,,
CVE-2024-49364,UNKNOWN,8.1,CWE-522
CVE-2024-57072,prototype pollution,,
CVE-2020-7735,command injection,6.6,
CVE-2021-32803,UNKNOWN,8.2,CWE-22
CVE-2023-37478,UNKNOWN,7.5,CWE-284
CVE-2019-14653,xss,,
CVE-2025-58179,ssrf,7.2,CWE-918
CVE-2021-22896,access control,,CWE-862
CVE-2024-43800,template injection,5,CWE-79
CVE-2019-15138,arbitrary file read,,
CVE-2023-22580,information disclosure,5.3,CWE-200
CVE-2021-23414,xss,6.5,
CVE-2021-23567,dos,7.5,
CVE-2020-7676,cross site scripting,,
CVE-2023-30363,prototype pollution,,
CVE-2018-3809,directory listing,,
CVE-2023-22579,UNKNOWN,9.9,CWE-843
CVE-2023-26122,prototype pollution,8.8,CWE-265
CVE-2025-59052,race condition,7.1,CWE-362
CVE-2024-8474,clear-text private key,,CWE-212
CVE-2025-47935,rce,7.5,CWE-401
CVE-2024-47764,UNKNOWN,6.9,CWE-74
CVE-2024-29042,UNKNOWN,5.3,CWE-20
CVE-2023-46308,__proto__,,
CVE-2024-43414,denial-of-service,7.5,CWE-674
CVE-2021-4231,cross site scripting,3.5,CWE-79
CVE-2019-5448,missing encryption,,CWE-311
CVE-2018-14731,rce,,
CVE-2021-3163,xss,,
CVE-2022-38900,dos,,
CVE-2022-33171,sql injection,,
CVE-2024-39698,cross-site scripting,7.5,CWE-154
CVE-2024-33883,UNKNOWN,,
CVE-2024-28246,UNKNOWN,5.5,"CWE-184, CWE-697"
CVE-2024-29415,ssrf,,
CVE-2024-43796,xss,5,CWE-79
CVE-2024-43799,template injection,5,CWE-79
CVE-2020-4059,command injection,7.3,CWE-77
CVE-2024-21489,prototype pollution,8.2,CWE-1321
CVE-2024-9266,open redirect,4.7,CWE-601
CVE-2016-10531,UNKNOWN,,CWE-79
CVE-2023-2142,cross site scripting,,CWE-79
CVE-2022-22984,command injection,5,
CVE-2019-11003,xss,,
CVE-2022-0639,UNKNOWN,6.5,CWE-639
CVE-2022-2564,prototype pollution,7,CWE-1321
CVE-2021-23353,dos,5.9,
CVE-2019-20920,xss,,
CVE-2020-7753,dos,7.5,
CVE-2021-42581,prototype,,
CVE-2020-8132,UNKNOWN,,CWE-94
CVE-2015-8859,UNKNOWN,,
CVE-2024-48910,xss,9.1,CWE-1321
CVE-2015-9241,UNKNOWN,,CWE-400
CVE-2023-26487,xss,6.5,CWE-79
CVE-2021-29935,UNKNOWN,,
CVE-2022-4742,prototype pollution,"6.3, 6.3, 6.5",CWE-1321
CVE-2024-53384,UNKNOWN,,
CVE-2025-57820,prototype pollution,7.9,CWE-1321
CVE-2021-37699,rce,6.9,CWE-601
CVE-2025-6624,UNKNOWN,"7.2, 2.4",CWE-532
CVE-2024-34351,ssrf,7.5,CWE-918
CVE-2025-25290,dos,5.3,CWE-1333
CVE-2022-25852,dos,7.5,
CVE-2020-8131,arbitrary code execution,,CWE-22
CVE-2022-3224,UNKNOWN,9.4,CWE-115
CVE-2020-7690,xss,,CWE-79
CVE-2025-46233,xss,6.5,CWE-79
CVE-2019-13173,UNKNOWN,,
CVE-2023-0835,UNKNOWN,,
CVE-2022-35949,ssrf,5.3,CWE-918
CVE-2025-23042,rce,8.7,CWE-285
CVE-2022-29894,cross-site scripting,,
CVE-2024-32869,directory traversal,5.3,CWE-22
CVE-2019-11358,prototype pollution,,
CVE-2022-0868,open redirect,8,CWE-601
CVE-2020-26274,command injection,6.4,CWE-78
CVE-2022-24433,command injection,8.1,
CVE-2020-11052,rce,8.3,CWE-307
CVE-2025-30218,UNKNOWN,1.7,CWE-200
CVE-2022-31170,UNKNOWN,7.5,CWE-20
CVE-2020-8203,prototype pollution,,CWE-770
CVE-2023-29198,UNKNOWN,6,CWE-754
CVE-2016-10735,xss,,
CVE-2022-24441,rce,5.8,
CVE-2020-36604,prototype,,
CVE-2022-21803,prototype pollution,7.3,
CVE-2017-16042,command execution,,CWE-94
CVE-2022-21227,sqli,7.5,
CVE-2022-48345,xss,,
CVE-2022-37599,rce,,
CVE-2024-51479,rce,7.5,CWE-285
CVE-2022-21195,dos,5.3,
CVE-2018-3767,dos,,CWE-400
CVE-2023-46998,cross site scripting,,
CVE-2023-32314,remote code execution,9.8,CWE-74
CVE-2023-26136,prototype pollution,6.5,CWE-1321
CVE-2017-1000188,rfi,,
CVE-2021-23495,open redirect,5.4,
CVE-2024-28243,overflow,6.5,CWE-674
CVE-2021-32036,rce,5.4,CWE-770
CVE-2021-31712,xss,,
CVE-2020-8244,UNKNOWN,,CWE-126
CVE-2015-8861,xss,,
CVE-2024-45389,xss,6.4,CWE-79
CVE-2025-48997,dos,8.7,CWE-248
CVE-2022-46155,rce,7.6,CWE-522
CVE-2024-45296,dos,7.5,CWE-1333
CVE-2017-1001002,arbitrary code execution,,CWE-94
CVE-2024-52588,ssrf,4.9,CWE-918
,,,
CVE-2023-5129,UNKNOWN,,
CVE-2022-0323,UNKNOWN,5.3,CWE-1336
CVE-2022-27263,UNKNOWN,,
CVE-2024-35220,UNKNOWN,7.4,CWE-613
CVE-2018-6341,cross-site scripting,,CWE-79
CVE-2023-26144,dos,5.3,CWE-400
CVE-2020-26870,xss,,
CVE-2023-0163,prototype pollution,,CWE-1321
CVE-2024-43297,access control,4.3,CWE-862
CVE-2018-20676,xss,,
CVE-2025-55305,rce,6.1,"CWE-94, CWE-829"
CVE-2022-23540,UNKNOWN,6.4,CWE-287
CVE-2024-23340,UNKNOWN,5.3,CWE-22
CVE-2023-4863,buffer overflow,,
CVE-2025-30222,UNKNOWN,2.1,CWE-200
CVE-2020-7610,UNKNOWN,,
CVE-2024-7774,path traversal,6.5,CWE-29
CVE-2025-1594,buffer overflow,"5.3, 6.3, 6.3, 7.5","CWE-121, CWE-119"
CVE-2024-26144,UNKNOWN,5.3,CWE-200
CVE-2020-4075,arbitrary file read,6.8,CWE-552
CVE-2023-39956,UNKNOWN,6.1,CWE-94
CVE-2025-31125,UNKNOWN,5.3,"CWE-200, CWE-284"
CVE-2022-0436,path traversal,7.1,CWE-22
CVE-2019-10803,arbitrary commands,,
CVE-2025-32996,UNKNOWN,4,CWE-670
CVE-2025-32421,race condition,3.7,CWE-362
CVE-2024-21484,UNKNOWN,7.5,CWE-203
CVE-2021-3820,UNKNOWN,5.3,CWE-1333
CVE-2025-24964,remote code execution,9.7,CWE-1385
CVE-2024-47068,xss,6.1,CWE-79
CVE-2021-38384,access control,,
CVE-2018-20677,xss,,
CVE-2021-3795,UNKNOWN,7.5,CWE-1333
CVE-2024-54152,__proto__,9.3,CWE-94
CVE-2024-46992,rce,7.8,CWE-354
CVE-2024-29180,path traversal,7.4,CWE-22
CVE-2022-21670,rce,5.3,CWE-400
CVE-2023-30548,path traversal,4.3,CWE-22
CVE-2020-13822,overflow,,
CVE-2021-23434,prototype pollution,5.6,
CVE-2022-25898,UNKNOWN,7.7,
CVE-2024-38356,xss,6.1,CWE-79
CVE-2024-21521,dos,7.5,CWE-400
CVE-2020-7597,arbitrary commands,,
CVE-2024-31207,UNKNOWN,5.9,"CWE-200, CWE-284"
CVE-2025-46653,UNKNOWN,3.1,CWE-338
CVE-2022-43441,sqli,8.1,CWE-915
CVE-2021-32804,sanitization,8.2,CWE-22
CVE-2022-31051,rce,4.4,CWE-200
CVE-2018-18240,remote code execution,,
CVE-2021-29469,denial of service,5.3,CWE-400
CVE-2024-34350,request smuggling,7.5,CWE-444
CVE-2025-46812,xss,2,CWE-79
CVE-2019-17221,arbitrary file read,,
CVE-2024-57965,UNKNOWN,0,CWE-346
CVE-2023-2251,UNKNOWN,7.5,CWE-248
CVE-2019-15599,remote code execution,,CWE-94
CVE-2020-28500,dos,5.3,
CVE-2025-27152,ssrf,7.7,CWE-918
CVE-2023-5217,buffer overflow,,
CVE-2023-3676,sanitization,8.8,CWE-20
CVE-2021-39167,UNKNOWN,10,CWE-269
CVE-2024-45813,rce,5.3,CWE-1333
CVE-2019-10790,UNKNOWN,,
CVE-2023-29003,csrf,8.8,"CWE-352, CWE-184"
CVE-2022-0686,UNKNOWN,6.5,CWE-639
CVE-2024-38372,UNKNOWN,2,CWE-201
CVE-2023-30533,prototype pollution,,
CVE-2024-21511,improper sanitization,9.8,CWE-94
CVE-2023-7079,UNKNOWN,6.4,CWE-287
CVE-2020-15174,UNKNOWN,7.5,"CWE-693, CWE-20"
CVE-2024-23641,crash,7.5,CWE-20
CVE-2015-9236,UNKNOWN,,CWE-284
CVE-2024-45590,denial of service,7.5,CWE-405
CVE-2021-23341,dos,7.5,
CVE-2025-32997,UNKNOWN,4,CWE-754
CVE-2022-29078,template injection,,
CVE-2024-45811,UNKNOWN,4.8,"CWE-200, CWE-284"
CVE-2023-0842,__proto__,,
CVE-2025-30208,UNKNOWN,5.3,"CWE-200, CWE-284"
CVE-2024-29409,UNKNOWN,,
CVE-2021-39171,rce,5.3,CWE-400
CVE-2021-4307,prototype pollution,"6.3, 6.3, 6.5",CWE-1321
CVE-2021-3765,UNKNOWN,5.3,CWE-1333
CVE-2022-30618,UNKNOWN,,CWE-212
CVE-2020-7699,prototype pollution,7.5,
CVE-2020-15366,prototype pollution,,
CVE-2019-10743,arbitrary code execution,,
CVE-2016-1000236,UNKNOWN,,
CVE-2023-44270,UNKNOWN,,
CVE-2022-31108,information disclosure,4.1,CWE-74
CVE-2024-53261,xss,2,CWE-79
CVE-2022-35961,UNKNOWN,7.9,CWE-354
CVE-2020-7596,arbitrary commands,,
CVE-2020-7778,prototype pollution,7.3,
CVE-2022-35948,crlf injection,5.3,"CWE-93, CWE-74"
CVE-2025-55173,rce,4.3,CWE-20
CVE-2023-5157,denial of service,7.5,CWE-400
CVE-2017-5941,arbitrary code execution,,
CVE-2024-21534,rce,9.8,CWE-94
CVE-2024-45801,xss,7.3,CWE-1333
CVE-2020-26300,command injection,5.9,CWE-77
CVE-2017-1000048,dos,,
CVE-2022-0122,open redirect,5.3,CWE-601
CVE-2021-39199,xss,10,CWE-79
CVE-2025-5897,dos,"5.3, 4.3, 4.3, 4","CWE-1333, CWE-400"
CVE-2022-21681,rce,7.5,"CWE-400, CWE-1333"
CVE-2017-16224,UNKNOWN,,CWE-601
CVE-2023-26121,prototype pollution,7.5,CWE-1321
CVE-2021-26541,command injection,,
CVE-2022-35204,directory traversal,,
CVE-2024-37168,UNKNOWN,5.3,CWE-789
CVE-2019-10748,sql injection,,
CVE-2024-43788,xss,6.4,CWE-79
CVE-2021-32014,denial of service,,
CVE-2022-4973,cross-site scripting,4.9,CWE-79
CVE-2021-43138,prototype pollution,,
CVE-2025-25200,denial-of-service,9.2,CWE-1333
CVE-2017-16013,crash,,CWE-400
CVE-2025-43865,UNKNOWN,8.2,CWE-345
CVE-2024-28863,denial of service,6.5,"CWE-400, CWE-770"
CVE-2024-30260,UNKNOWN,3.9,CWE-285
CVE-2016-7103,xss,,
CVE-2024-56159,rce,7.8,CWE-219
CVE-2022-31367,UNKNOWN,,
CVE-2023-3348,directory traversal,5.7,CWE-22
CVE-2024-28244,overflow,6.5,CWE-674
CVE-2013-7371,cross site scripting,,
CVE-2021-23436,prototype pollution,5.6,
CVE-2025-59364,xss,5.3,CWE-674
CVE-2024-21512,prototype pollution,8.2,CWE-1321
CVE-2018-1000136,remote code execution,,
CVE-2021-32761,remote code execution,7.5,"CWE-125, CWE-680"
CVE-2025-32014,prototype pollution,6.9,CWE-1321
CVE-2022-31172,UNKNOWN,7.5,CWE-20
CVE-2020-7689,UNKNOWN,5.9,
CVE-2019-15608,toctou,,CWE-840
CVE-2025-3191,xss,"6.1, 5.1",CWE-79
CVE-2025-32792,UNKNOWN,8.7,CWE-497
CVE-2021-32050,UNKNOWN,4.2,CWE-200
CVE-2020-28472,prototype pollution,7.3,
CVE-2020-15095,UNKNOWN,4.4,CWE-532
CVE-2023-41037,UNKNOWN,4.3,CWE-347
CVE-2024-48913,csrf,5.9,CWE-352
CVE-2022-3064,rce,,
CVE-2024-27307,prototype,9.8,CWE-1321
CVE-2025-54798,UNKNOWN,2.5,CWE-59
CVE-2021-3664,open redirect,5.3,CWE-601
CVE-2020-12265,directory traversal,,
CVE-2024-21509,prototype,6.5,CWE-1321
CVE-2019-19919,prototype pollution,,
CVE-2024-21507,improper input validation,6.5,CWE-20
CVE-2024-8373,rce,4.8,CWE-791
CVE-2021-32822,UNKNOWN,4,CWE-538
CVE-2021-25987,xss,5,CWE-79
CVE-2021-37712,arbitrary code execution,8.2,"CWE-22, CWE-59"
CVE-2022-31160,xss,6.1,CWE-79
CVE-2017-1000228,remote code execution,,
CVE-2023-26152,directory traversal,7.5,CWE-22
CVE-2023-39584,arbitrary file read,,
CVE-2020-26226,UNKNOWN,8.1,CWE-116
CVE-2024-21508,rce,9.8,CWE-94
CVE-2025-1302,rce,"9.8, 9.3",CWE-94
CVE-2024-49365,UNKNOWN,8.1,CWE-347
CVE-2024-57556,cross site scripting,,
CVE-2023-29199,rce,9.8,CWE-913
CVE-2019-18413,sql injection,3.7,
CVE-2021-32040,dos,6.5,CWE-121
CVE-2014-6393,xss,,
CVE-2020-10519,remote code execution,,CWE-77
CVE-2018-15685,remote code execution,,
CVE-2025-57752,UNKNOWN,6.2,CWE-524
CVE-2022-24434,dos,7.5,
CVE-2025-47934,UNKNOWN,8.7,CWE-347
CVE-2018-3737,dos,,CWE-770
CVE-2023-37466,remote code execution,9.8,CWE-94
CVE-2018-25110,dos,6.9,CWE-1333
CVE-2020-26291,ssrf,6.5,CWE-20
CVE-2016-10526,UNKNOWN,,CWE-391
CVE-2022-31150,rce,5.3,CWE-93
CVE-2020-15138,xss,7.1,CWE-79
CVE-2024-37890,rce,7.5,CWE-476
CVE-2020-7729,arbitrary code execution,7.1,
CVE-2025-32388,xss,5.4,CWE-79
CVE-2020-1920,rce,,CWE-1333
CVE-2024-4128,csrf,2.6,CWE-352
CVE-2025-21610,cross-site scripting,5.3,CWE-79
CVE-2025-8101,xss,8.8,CWE-1321
CVE-2022-31151,open redirect,3.7,CWE-601
CVE-2024-53382,xss,4.9,CWE-94
CVE-2024-47061,xss,8.3,CWE-79
CVE-2024-50345,open redirect,3.1,CWE-601
CVE-2025-55303,rce,6.9,"CWE-79, CWE-115"
